Dokument ID,Jahr_ED,Gattungslabel_ED_normalisiert,Medium_ED,Medientyp_ED,seriell,Gender
00016-00,1797,M,"Volksmährchen, hg. v. Peter Lebrecht, Bd. 1",Anthologie,False,
00019-00,1797,M,"Volksmährchen, hg. v. Peter Lebrecht Bd. 1",Anthologie,False,
00021-00,1831,N,Novellen-Kranz. Ein Almanach auf das Jahr 1832,Anthologie,False,
00024-00,1796,0E,Straußfedern (darin anonym erschienen),Anthologie,False,
00031-00,1799,0E,"Romantische Dichtungen, Bd. 1",Anthologie,False,
00037-00,1809,N,Der Winterabend. Novellen.,Anthologie,False,
00038-00,1809,N,Der Winterabend. Novellen.,Anthologie,False,
00039-00,1809,N,Der Winterabend. Novellen.,Anthologie,False,
00053-00,1841,N,Sonnenblumensträuße,Anthologie,False,
00054-00,1841,N,Sonnenblumensträuße,Anthologie,False,
00055-00,1838,0P,"Sommerfrüchte, Bd. 1",Anthologie,False,
00020-00,1824,N,Berlinischer Taschenkalender auf das Gemein-Jahr 1825,Kalender,False,
00015-00,1826,N,Selbst. Reimer Berlin,Monographie,False,
00023-00,1795,XE,"selbst. Berlin, Leipzig bei Nicolai",Monographie,False,m
00051-00,1799,R,[als Buch],Monographie,False,m
00052-00,1781,N,[als Buch],Monographie,False,m
00107-00,1886,XE,Deutsche Rundschau 1886,Rundschau,False,m
00033-00,1812,0E,"Phantasus, Bd. 1",Sammlung,False,m
00034-00,1812,0E,"Phantasus, Bd. 1",Sammlung,False,m
00035-00,1812,0E,"Phantasus, Bd. 1",Sammlung,False,m
00085-00,1830,0E,Pantheon. Bd. 20,Sammlung,False,m
00181-00,1828,0E,Pantheon. Eine Sammlung vorzüglicher Novellen und Erzählungen der Lieblingsdichter Europa´s. Bd.1,Sammlung,False,m
00182-00,1828,0E,Pantheon. Eine Sammlung vorzüglicher Novellen und Erzählungen der Lieblingsdichter Europa´s. Bd.1,Sammlung,False,m
00183-00,1829,0E,Pantheon. Eine Sammlung vorzüglicher Novellen und Erzählungen der Lieblingsdichter Europa´s. Bd.4,Sammlung,False,m
00185-00,1830,0E,Pantheon. Eine Sammlung vorzüglicher Novellen und Erzählungen der Lieblingsdichter Europa´s. Bd.21,Sammlung,False,m
00189-00,1828,0E,Pantheon. Eine Sammlung vorzüglicher Novellen und Erzählungen der Lieblingsdichter Europa´s. Bd.1,Sammlung,False,m
00190-00,1828,E,Pantheon. Eine Sammlung vorzüglicher Novellen und Erzählungen der Lieblingsdichter Europa´s. Bd.1,Sammlung,False,m
00191-00,1829,N,Pantheon. Eine Sammlung vorzüglicher Novellen und Erzählungen der Lieblingsdichter Europa´s. Bd.6,Sammlung,False,m
00192-00,1830,0E,Pantheon. Eine Sammlung vorzüglicher Novellen und Erzählungen der Lieblingsdichter Europa´s. Bd.19,Sammlung,False,m
00193-00,1828,N,Pantheon. Eine Sammlung vorzüglicher Novellen und Erzählungen der Lieblingsdichter Europa´s. Bd.2,Sammlung,False,m
00194-00,1828,N,Pantheon. Eine Sammlung vorzüglicher Novellen und Erzählungen der Lieblingsdichter Europa´s. Bd.2,Sammlung,False,m
00195-00,1830,E,Pantheon. Eine Sammlung vorzüglicher Novellen und Erzählungen der Lieblingsdichter Europa´s. Bd.18,Sammlung,False,m
00196-00,1829,N,Pantheon. Eine Sammlung vorzüglicher Novellen und Erzählungen der Lieblingsdichter Europa´s. Bd. 6,Sammlung,False,m
00197-00,1829,E,Pantheon. Eine Sammlung vorzüglicher Novellen und Erzählungen der Lieblingsdichter Europa´s. Bd. 7,Sammlung,False,m
00007-00,1827,N,Wendt’s Taschenbuch zum geselligen Vergnügen auf das Jahr 1828,Taschenbuch,False,m
00013-00,1837,N,Deutsches Taschenbuch auf das Jahr,Taschenbuch,False,m
00018-00,1821,N,Wendts Taschenbuch zum geselligen Vergnügen auf das Jahr 1822,Taschenbuch,False,unbekannt
00022-00,1838,N,Urania. Taschenbuch auf das Jahr 1839,Taschenbuch,False,m
00025-00,1830,N,Novellenkranz. Ein Almanach auf das Jahr 1831,Taschenbuch,False,m
00026-00,1829,N,Urania. Taschenbuch auf das Jahr 1830,Taschenbuch,False,m
00027-00,1830,N,Novellenkranz. Ein Almanach auf das Jahr 1831,Taschenbuch,False,m
00028-00,1830,N,Urania. Taschenbuch auf das Jahr 1831,Taschenbuch,False,m
00029-00,1831,N,Novellenkranz. Ein Almanach auf das Jahr 1832,Taschenbuch,False,m
00030-00,1831,N,Urania. Taschenbuch auf das Jahr 1832,Taschenbuch,False,m
00032-00,1804,0E,Taschenbuch für Kunst und Laune,Taschenbuch,False,m
00036-00,1827,0E,Urania. Ein Taschenbuch für das Jahr 1828,Taschenbuch,False,m
00041-00,1824,N,Taschenbuch zum geselligen Vergnügen auf das Jahr 1825,Taschenbuch,False,m
00042-00,1816,M,Taschenbuch für Damen auf das Jahr 1817/1819,Taschenbuch,False,f
00044-00,1817,0E,Taschenbuch für Damen auf das Jahr 1818,Taschenbuch,False,m
00045-00,1822,E,Feierstunden. Eine Schrift für edle Unterhaltung in zwanglosen Bänden (Brünn),Taschenbuch,False,m
00046-00,1847,E,Iris – Almanach/Taschenbuch auf das Jahr 1848 ,Taschenbuch,False,f
00050-00,1801,N,Aglaia. Jahrbuch für Frauenzimmer auf 1802,Taschenbuch,False,f
00056-00,1820,0P,Urania. Taschenbuch auf das Jahr 1821,Taschenbuch,False,unbekannt
00057-00,1820,V ,Urania. Taschenbuch auf das Jahr 1821,Taschenbuch,False,m
00058-00,1820,V,Urania. Taschenbuch auf das Jahr 1821,Taschenbuch,False,m
00059-00,1820,E,Urania. Taschenbuch auf das Jahr 1821,Taschenbuch,False,m
00060-00,1820,E,Urania. Taschenbuch auf das Jahr 1821,Taschenbuch,False,m
00061-00,1820,V,Urania. Taschenbuch auf das Jahr 1821,Taschenbuch,False,f
00062-00,1820,0P,Urania. Taschenbuch auf das Jahr 1821,Taschenbuch,False,m
00063-00,1820,0P,Urania. Taschenbuch auf das Jahr 1821,Taschenbuch,False,f
00064-00,1820,V,Urania. Taschenbuch auf das Jahr 1821,Taschenbuch,False,m
00065-00,1820,V,Urania. Taschenbuch auf das Jahr 1821,Taschenbuch,False,f
00066-00,1820,V,Urania. Taschenbuch auf das Jahr 1821,Taschenbuch,False,m
00067-00,1820,V,Urania. Taschenbuch auf das Jahr 1821,Taschenbuch,False,m
00068-00,1820,V,Urania. Taschenbuch auf das Jahr 1821,Taschenbuch,False,m
00069-00,1820,Drama,Urania. Taschenbuch auf das Jahr 1821,Taschenbuch,False,f
00070-00,1820,Lyrik,Urania. Taschenbuch auf das Jahr 1821,Taschenbuch,False,f
00071-00,1821,0P,Urania. Taschenbuch auf das Jahr 1822,Taschenbuch,False,m
00072-00,1821,E,Urania. Taschenbuch auf das Jahr 1822,Taschenbuch,False,m
00073-00,1821,0P,Urania. Taschenbuch auf das Jahr 1822,Taschenbuch,False,m
00074-00,1821,0P,Urania. Taschenbuch auf das Jahr 1822,Taschenbuch,False,m
00075-00,1821,E,Urania. Taschenbuch auf das Jahr 1822,Taschenbuch,False,m
00076-00,1822,0E,Urania. Taschenbuch auf das Jahr 1823,Taschenbuch,False,m
00077-00,1822,0P,Urania. Taschenbuch auf das Jahr 1823,Taschenbuch,False,m
00078-00,1822,0P,Urania. Taschenbuch auf das Jahr 1823,Taschenbuch,False,m
00079-00,1822,E,Urania. Taschenbuch auf das Jahr 1823,Taschenbuch,False,
00080-00,1822,N,Urania. Taschenbuch auf das Jahr 1823,Taschenbuch,False,m
00081-00,1822,N,Urania. Taschenbuch auf das Jahr 1823,Taschenbuch,False,m
00082-00,1823,E,Urania. Taschenbuch auf das Jahr 1824,Taschenbuch,False,m
00083-00,1823,E,Urania. Taschenbuch auf das Jahr 1824,Taschenbuch,False,m
00084-00,1823,XE,Urania. Taschenbuch auf das Jahr 1824,Taschenbuch,False,m
00086-00,1825,XE,Urania. Taschenbuch auf das Jahr 1826,Taschenbuch,False,m
00087-00,1825,0E,Urania. Taschenbuch auf das Jahr 1826,Taschenbuch,False,m
00088-00,1829,E,Urania. Taschenbuch auf das Jahr 1830,Taschenbuch,False,m
00089-00,1829,V ,Urania. Taschenbuch auf das Jahr 1830,Taschenbuch,False,
00090-00,1829,N,Urania. Taschenbuch auf das Jahr 1830,Taschenbuch,False,unbekannt
00091-00,1829,N,Urania. Taschenbuch auf das Jahr 1830,Taschenbuch,False,f
00092-00,1814,E,Aglaia. Jahrbuch für Frauenzimmer auf 1815,Taschenbuch,False,m
00093-00,1814,E,Aglaia. Jahrbuch für Frauenzimmer auf 1815,Taschenbuch,False,
00094-00,1814,E,Aglaia. Jahrbuch für Frauenzimmer auf 1815,Taschenbuch,False,m
00095-00,1814,0E,Aglaia. Jahrbuch für Frauenzimmer auf 1815,Taschenbuch,False,f
00096-00,1815,0E,Aglaia. Jahrbuch für Frauenzimmer auf 1816,Taschenbuch,False,m
00097-00,1815,XE,Aglaia. Jahrbuch für Frauenzimmer auf 1816,Taschenbuch,False,f
00098-00,1821,E, Aglaja. Ein Taschenbuch für das Jahr 1822,Taschenbuch,False,f
00099-00,1821,E, Aglaja. Ein Taschenbuch für das Jahr 1822,Taschenbuch,False,f
00100-00,1821,E, Aglaja. Ein Taschenbuch für das Jahr 1822,Taschenbuch,False,f
00101-00,1821,E, Aglaja. Ein Taschenbuch für das Jahr 1822,Taschenbuch,False,f
00102-00,1830,N,Aglaja. Ein Taschenbuch für das Jahr 1831,Taschenbuch,False,f
00103-00,1830,Drama,Aglaja. Ein Taschenbuch für das Jahr 1831,Taschenbuch,False,f
00104-00,1830,0E,Aglaja. Ein Taschenbuch für das Jahr 1831,Taschenbuch,False,f
00105-00,1810,N,Minerva. Taschenbuch auf das Jahr 1811,Taschenbuch,False,m
00108-00,1842,N,Österreichischer Novellen-Almanach für 1843,Taschenbuch,False,f
00115-00,1828,N,Taschenbuch für Damen auf das Jahr 1829,Taschenbuch,False,m
00117-00,1831,N,Aglaja. Ein Taschenbuch für das Jahr 1832,Taschenbuch,False,m
00118-00,1831,E,Aglaja. Ein Taschenbuch für das Jahr 1832,Taschenbuch,False,m
00119-00,1830,N,Urania. Ein Taschenbuch für das Jahr 1831,Taschenbuch,False,m
00120-00,1830,E,Urania. Ein Taschenbuch für das Jahr 1831,Taschenbuch,False,m
00121-00,1820,0E,Aglaja. Ein Taschenbuch für das Jahr 1821.,Taschenbuch,False,m
00122-00,1820,E,Aglaja. Ein Taschenbuch für das Jahr 1821.,Taschenbuch,False,m
00123-00,1820,E,Aglaja. Ein Taschenbuch für das Jahr 1821.,Taschenbuch,False,
00124-00,1820,E,Aglaja. Ein Taschenbuch für das Jahr 1821.,Taschenbuch,False,m
00125-00,1822,E,Aglaja. Ein Taschenbuch für das Jahr 1823.,Taschenbuch,False,m
00126-00,1822,E,Aglaja. Ein Taschenbuch für das Jahr 1823.,Taschenbuch,False,m
00127-00,1822,E,Aglaja. Ein Taschenbuch für das Jahr 1823.,Taschenbuch,False,m
00128-00,1822,0E,Aglaja. Ein Taschenbuch für das Jahr 1823.,Taschenbuch,False,
00129-00,1822,E,Aglaja. Ein Taschenbuch für das Jahr 1823.,Taschenbuch,False,m
00130-00,1822,N,Aglaja. Ein Taschenbuch für das Jahr 1823.,Taschenbuch,False,
00131-00,1823,E,Aglaja. Ein Taschenbuch für das Jahr 1824.,Taschenbuch,False,f
00132-00,1823,E,Aglaja. Ein Taschenbuch für das Jahr 1824.,Taschenbuch,False,m
00133-00,1823,E,Aglaja. Ein Taschenbuch für das Jahr 1824.,Taschenbuch,False,m
00134-00,1823,0E,Aglaja. Ein Taschenbuch für das Jahr 1824.,Taschenbuch,False,m
00135-00,1834,N,Urania. Ein Taschenbuch für das Jahr 1835,Taschenbuch,False,
00136-00,1834,N,Urania. Ein Taschenbuch für das Jahr 1835.,Taschenbuch,False,m
00137-00,1834,0E,Urania. Ein Taschenbuch für das Jahr 1835.,Taschenbuch,False,m
00138-00,1835,N,Urania. Ein Taschenbuch für das Jahr 1836. ,Taschenbuch,False,f
00139-00,1835,N,Urania. Ein Taschenbuch für das Jahr 1836.,Taschenbuch,False,f
00140-00,1835,N,Urania. Ein Taschenbuch für das Jahr 1836.,Taschenbuch,False,
00141-00,1824,E,Aglaja. Ein Taschenbuch für das Jahr 1825.,Taschenbuch,False,f
00142-00,1824,E,Aglaja. Ein Taschenbuch für das Jahr 1825.,Taschenbuch,False,m
00143-00,1825,N,Aglaja. Ein Taschenbuch für das Jahr 1826.,Taschenbuch,False,f
00144-00,1825,N,Aglaja. Ein Taschenbuch für das Jahr 1826.,Taschenbuch,False,m
00145-00,1825,E,Aglaja. Ein Taschenbuch für das Jahr 1826.,Taschenbuch,False,m
00146-00,1825,0E,Aglaja. Ein Taschenbuch für das Jahr 1826.,Taschenbuch,False,f
00147-00,1826,E,Aglaja. Ein Taschenbuch für das Jahr 1827.,Taschenbuch,False,f
00148-00,1826,0E,Aglaja. Ein Taschenbuch für das Jahr 1827.,Taschenbuch,False,m
00149-00,1826,E,Aglaja. Ein Taschenbuch für das Jahr 1827.,Taschenbuch,False,m
00150-00,1840,N,Urania. Ein Taschenbuch für das Jahr 1841.,Taschenbuch,False,m
00151-00,1840,N,Urania. Ein Taschenbuch für das Jahr 1841.,Taschenbuch,False,m
00152-00,1840,E,Urania. Ein Taschenbuch für das Jahr 1841.,Taschenbuch,False,m
00153-00,1840,N,Urania. Ein Taschenbuch für das Jahr 1841.,Taschenbuch,False,m
00154-00,1827,0E,Aglaja. Ein Taschenbuch für das Jahr 1828.,Taschenbuch,False,m
00155-00,1827,N,Aglaja. Ein Taschenbuch für das Jahr 1828.,Taschenbuch,False,m
00156-00,1827,XE,Aglaja. Ein Taschenbuch für das Jahr 1828.,Taschenbuch,False,
00157-00,1827,0E,Aglaja. Ein Taschenbuch für das Jahr 1828.,Taschenbuch,False,m
00158-00,1827,E,Aglaja. Ein Taschenbuch für das Jahr 1828.,Taschenbuch,False,
00159-00,1840,N,Urania. Ein Taschenbuch für das Jahr 1841.,Taschenbuch,False,f
00160-00,1840,N,Urania. Ein Taschenbuch für das Jahr 1841.,Taschenbuch,False,
00161-00,1840,XE,Urania. Ein Taschenbuch für das Jahr 1841.,Taschenbuch,False,f
00162-00,1840,N,Urania. Ein Taschenbuch für das Jahr 1841.,Taschenbuch,False,f
00177-00,1828,E,Aglaja. Ein Taschenbuch für das Jahr 1829,Taschenbuch,False,
00178-00,1828,N,Aglaja. Ein Taschenbuch für das Jahr 1829,Taschenbuch,False,m
00179-00,1828,XE,Aglaja. Ein Taschenbuch für das Jahr 1829,Taschenbuch,False,m
00180-00,1828,0E,Aglaja. Ein Taschenbuch für das Jahr 1829,Taschenbuch,False,m
00184-00,1827,N,Taschenbuch für Damen. Auf das Jahr 1828.,Taschenbuch,False,m
00186-00,1829,E,Aglaja. Ein Taschenbuch für das Jahr 1830.,Taschenbuch,False,m
00187-00,1829,N,Aglaja. Ein Taschenbuch für das Jahr 1830.,Taschenbuch,False,m
00188-00,1829,0E,Aglaja. Ein Taschenbuch für das Jahr 1830.,Taschenbuch,False,
00220-00,1810,0E,Minerva Taschenbuch,Taschenbuch,False,
00255-00,1874,0E,(sonstiges Taschenbuch),Taschenbuch,False,f
00271-00,1817,0E,Taschenbuch für Damen,Taschenbuch,False,m
00272-00,1817,0E,Taschenbuch für Damen,Taschenbuch,False,m
00273-00,1817,0P,Taschenbuch für Damen,Taschenbuch,False,m
00279-00,1852,0E,Vielliebchen. Taschenbuch,Taschenbuch,False,f
00282-00,1818,E,Gaben der Milde,Taschenbuch,False,m
00284-00,1817,E,Gaben der Milde,Taschenbuch,False,
00286-00,1830,E,Rheinisches Taschenbuch,Taschenbuch,False,m
00290-00,1817,E,Taschenbuch für Damen,Taschenbuch,False,m
00295-00,1819,E,Taschenbuch für das Jahr 1820,Taschenbuch,False,unbekannt
00303-00,1816,E,Frauentaschenbuch,Taschenbuch,False,
00317-00,1830,E,Rheinisches Taschenbuch,Taschenbuch,False,m
00323-00,1817,XE,Frauentaschenbuch,Taschenbuch,False,
00330-00,1830,E,Rheinisches Taschenbuch,Taschenbuch,False,
00332-00,1848,E,Iris. Taschenbuch,Taschenbuch,False,
00395-00,1838,N,Urania. Taschenbuch,Taschenbuch,False,
00403-00,1840,N,Rheinisches Taschenbuch,Taschenbuch,False,f
00414-00,1871,N,Salon für Literatur,Taschenbuch,False,m
00486-00,1833,N,Urania. Taschenbuch,Taschenbuch,False,
00496-00,1848,N,Urania. Taschenbuch,Taschenbuch,False,f
00497-00,1844,N,Vergissmeinnicht. Taschenbuch.,Taschenbuch,False,m
00498-00,1845,N,Urania. Taschenbuch,Taschenbuch,False,m
00501-00,1844,N,Gedenke mein. Taschenbuch,Taschenbuch,False,f
00507-00,1848,N,Iris. Taschenbuch,Taschenbuch,False,m
00514-00,1826,N,Urania. Taschenbuch,Taschenbuch,False,unbekannt
00516-00,1819,E,Taschenbuch zum geselligen Vergnügen auf das Jahr 1820,Taschenbuch,False,unbekannt
00517-00,1811,0E,Taschenbuch zum geselligen Vergnügen auf das Jahr 1812,Taschenbuch,False,m
00518-00,1812,E,Taschenbuch der Liebe und Freundschaft gewidmet für das Jahr 1813,Taschenbuch,False,m
00519-00,1813,E,Taschenbuch der Liebe und Freundschaft gewidmet für das Jahr 1814,Taschenbuch,False,m
00524-00,1837,N,Deutsches Taschenbuch auf das Jahr,Taschenbuch,False,m
00542-00,1818,E,Urania. Ein Taschenbuch für das Jahr 1819,Taschenbuch,False,m
00605-00,1827,N,Orphea Taschenbuch für 1828.,Taschenbuch,False,
00638-00,1819,N,Taschenbuch zum geselligen Vergnügen auf das Jahr 1820,Taschenbuch,False,
00106-00,1874,0E,"Der Salon für Literatur, Kunst und Gesellschaft, Bd. 1",Zeitschrift,False,m
00008-00,1870,ungeklärt,Novellen-Cyclus der Frankfurter Zeitung,Zeitungsbeiheft,False,
00009-00,1871,XE,Novellen-Cyclus der Frankfurter Zeitung,Zeitungsbeiheft,False,
00010-00,1871,ungeklärt,Novellen-Cyclus der Frankfurter Zeitung,Zeitungsbeiheft,False,
00011-00,1871,ungeklärt,Novellen-Cyclus der Frankfurter Zeitung,Zeitungsbeiheft,False,
00012-00,1872,N,Novellen-Cyclus der Frankfurter Zeitung,Zeitungsbeiheft,False,
00164-00,,,,,False,f
00198-00,1854,0E,Die Gartenlaube,Familienblatt,True,f
00199-00,1855,0E,Die Gartenlaube,Familienblatt,True,
00208-00,1858,XE,Die Gartenlaube,Familienblatt,True,m
00210-00,1859,0E,Die Gartenlaube,Familienblatt,True,m
00212-00,1854,XE,Die Gartenlaube,Familienblatt,True,m
00213-00,1857,0E,Die Gartenlaube,Familienblatt,True,m
00228-00,1858,0E,Die Gartenlaube,Familienblatt,True,f
00230-00,1858,0E,Die Gartenlaube,Familienblatt,True,f
00232-00,1866,0E,Die Gartenlaube,Familienblatt,True,f
00233-00,1865,0E,Die Gartenlaube,Familienblatt,True,m
00237-00,1857,0E,Die Gartenlaube,Familienblatt,True,m
00238-00,1853,0E,Die Gartenlaube,Familienblatt,True,m
00239-00,1858,0E,Die Gartenlaube,Familienblatt,True,m
00240-00,1858,0E,Die Gartenlaube,Familienblatt,True,m
00241-00,1856,XE,Die Gartenlaube,Familienblatt,True,m
00242-00,1857,0E,Die Gartenlaube,Familienblatt,True,m
00243-00,1856,0E,Die Gartenlaube,Familienblatt,True,m
00244-00,1853,XE,Die Gartenlaube,Familienblatt,True,f
00246-00,1857,0E,Die Gartenlaube,Familienblatt,True,f
00248-00,1858,0E,Die Gartenlaube,Familienblatt,True,m
00251-00,1860,0E,Die Gartenlaube,Familienblatt,True,m
00257-00,1860,0E,Die Gartenlaube,Familienblatt,True,m
00265-00,1855,0E,Die Gartenlaube,Familienblatt,True,m
00277-00,1857,XE,Die Gartenlaube,Familienblatt,True,m
00278-00,1858,XE,Die Gartenlaube,Familienblatt,True,m
00283-00,1854,E,Die Gartenlaube,Familienblatt,True,m
00288-00,1853,XE,Die Gartenlaube,Familienblatt,True,m
00291-00,1855,E,Die Gartenlaube,Familienblatt,True,m
00318-00,1860,E,Die Gartenlaube,Familienblatt,True,m
00324-00,1857,E,Die Gartenlaube,Familienblatt,True,m
00325-00,1853,E,Die Gartenlaube,Familienblatt,True,m
00331-00,1856,E,Die Gartenlaube,Familienblatt,True,
00333-00,1859,E,Die Gartenlaube,Familienblatt,True,m
00334-00,1860,E,Die Gartenlaube,Familienblatt,True,m
00337-00,1853,E,Die Gartenlaube,Familienblatt,True,f
00339-00,1853,E,Die Gartenlaube,Familienblatt,True,f
00340-00,1857,N,Die Gartenlaube,Familienblatt,True,m
00341-00,1858,E,Die Gartenlaube,Familienblatt,True,m
00342-00,1859,E,Die Gartenlaube,Familienblatt,True,m
00343-00,1855,XE,Die Gartenlaube,Familienblatt,True,unbekannt
00344-00,1859,XE,Die Gartenlaube,Familienblatt,True,unbekannt
00384-00,1853,N,Die Gartenlaube,Familienblatt,True,unbekannt
00389-00,1857,N,Die Gartenlaube,Familienblatt,True,unbekannt
00390-00,1855,N,Die Gartenlaube,Familienblatt,True,unbekannt
00391-00,1856,N,Die Gartenlaube,Familienblatt,True,unbekannt
00392-00,1857,N,Die Gartenlaube,Familienblatt,True,unbekannt
00393-00,1856,N,Die Gartenlaube,Familienblatt,True,unbekannt
00394-00,1855,N,Die Gartenlaube,Familienblatt,True,unbekannt
00396-00,1860,N,Die Gartenlaube,Familienblatt,True,unbekannt
00405-00,1859,N,Die Gartenlaube,Familienblatt,True,m
00406-00,1858,N,Die Gartenlaube,Familienblatt,True,
00410-00,1856,N,Die Gartenlaube,Familienblatt,True,m
00411-00,1857,N,Die Gartenlaube,Familienblatt,True,m
00420-00,1874,N,Daheim. Ein deutsches Familienblatt mit Illustrationen.,Familienblatt,True,m
00443-00,1860,N,Die Gartenlaube,Familienblatt,True,m
00454-00,1855,N,Die Gartenlaube,Familienblatt,True,m
00459-00,1859,N,Die Gartenlaube,Familienblatt,True,m
00461-00,1858,N,Die Gartenlaube,Familienblatt,True,m
00477-00,1854,N,Die Gartenlaube,Familienblatt,True,
00482-00,1857,N,Die Gartenlaube,Familienblatt,True,m
00484-00,1888,N,Die Gartenlaube,Familienblatt,True,m
00499-00,1858,N,Die Gartenlaube,Familienblatt,True,m
00509-00,1860,N,Die Gartenlaube,Familienblatt,True,m
00563-00,1854,R,Die Gartenlaube,Familienblatt,True,m
00612-00,1866,0E,Daheim. Ein deutsches Familienblatt mit Illustrationen. Heft 1 / Jg. 2.,Familienblatt,True,m
00612-01,1866,0E,Daheim. Ein deutsches Familienblatt mit Illustrationen. Heft 1 / Jg. 2.,Familienblatt,True,m
00612-02,1866,0E,Daheim. Ein deutsches Familienblatt mit Illustrationen. Heft 2 / Jg. 2,Familienblatt,True,
00612-03,1866,0E,Daheim. Ein deutsches Familienblatt mit Illustrationen. Heft 3 / Jg. 2 ,Familienblatt,True,
00613-00,1866,0E,Daheim. Ein deutsches Familienblatt mit Illustrationen. Heft 1 / Jg. 2.,Familienblatt,True,f
00614-00,1866,0E,Daheim. Ein deutsches Familienblatt mit Illustrationen. Heft 1 / Jg. 2.,Familienblatt,True,f
00615-00,1866,0E,Daheim. Ein deutsches Familienblatt mit Illustrationen. Heft 1 / Jg. 2.,Familienblatt,True,m
00616-00,1864,N,Daheim. Ein deutsches Familienblatt mit Illustrationen. Heft 1 ,Familienblatt,True,m
00616-01,1864,N,Daheim. Ein deutsches Familienblatt mit Illustrationen. Heft 1 ,Familienblatt,True,m
00616-02,1864,N,Daheim. Ein deutsches Familienblatt mit Illustrationen. Heft 2 ,Familienblatt,True,
00616-03,1864,N,Daheim. Ein deutsches Familienblatt mit Illustrationen. Heft 3 ,Familienblatt,True,f
00616-04,1864,N,Daheim. Ein deutsches Familienblatt mit Illustrationen. Heft 4 ,Familienblatt,True,m
00616-05,1864,N,Daheim. Ein deutsches Familienblatt mit Illustrationen. Heft 5 ,Familienblatt,True,m
00616-06,1864,N,Daheim. Ein deutsches Familienblatt mit Illustrationen. Heft 6 ,Familienblatt,True,m
00617-00,1864,0P,Daheim. Ein deutsches Familienblatt mit Illustrationen. Heft 1,Familienblatt,True,m
00617-01,1864,0P,Daheim. Ein deutsches Familienblatt mit Illustrationen. Heft 1,Familienblatt,True,f
00617-02,1864,0P,Daheim. Ein deutsches Familienblatt mit Illustrationen. Heft 2,Familienblatt,True,f
00617-03,1864,0P,Daheim. Ein deutsches Familienblatt mit Illustrationen. Heft 3,Familienblatt,True,m
00617-04,1864,0P,Daheim. Ein deutsches Familienblatt mit Illustrationen. Heft 4 ,Familienblatt,True,m
00617-05,1864,0P,Daheim. Ein deutsches Familienblatt mit Illustrationen. Heft 5 ,Familienblatt,True,f
00617-06,1864,0P,Daheim. Ein deutsches Familienblatt mit Illustrationen. Heft 6 ,Familienblatt,True,m
00617-07,1864,0P,Daheim. Ein deutsches Familienblatt mit Illustrationen. Heft 7,Familienblatt,True,m
00617-08,1864,0P,Daheim. Ein deutsches Familienblatt mit Illustrationen. Heft 8,Familienblatt,True,m
00618-00,1864,0E,Daheim. Ein deutsches Familienblatt mit Illustrationen. Heft 1,Familienblatt,True,m
00619-00,1864,0E,Daheim. Ein deutsches Familienblatt mit Illustrationen. Heft 2,Familienblatt,True,unbekannt
00620-00,1864,0E,Daheim. Ein deutsches Familienblatt mit Illustrationen. Heft 3,Familienblatt,True,m
00621-00,1864,0PA,Daheim. Ein deutsches Familienblatt mit Illustrationen. Heft 3,Familienblatt,True,m
00622-00,1864,0PA,Daheim. Ein deutsches Familienblatt mit Illustrationen. Heft 3,Familienblatt,True,m
00623-00,1864,0E,Daheim. Ein deutsches Familienblatt mit Illustrationen. Heft 4 ,Familienblatt,True,m
00624-00,1864,0PA,Daheim. Ein deutsches Familienblatt mit Illustrationen. Heft 4 ,Familienblatt,True,m
00625-00,1864,E,Daheim. Ein deutsches Familienblatt mit Illustrationen. Heft 7,Familienblatt,True,m
00625-01,1864,E,Daheim. Ein deutsches Familienblatt mit Illustrationen. Heft 7,Familienblatt,True,m
00625-02,1864,E,Daheim. Ein deutsches Familienblatt mit Illustrationen. Heft 8,Familienblatt,True,m
00625-03,1864,E,Daheim. Ein deutsches Familienblatt mit Illustrationen. Heft 9,Familienblatt,True,m
00625-04,1864,E,Daheim. Ein deutsches Familienblatt mit Illustrationen. Heft 10,Familienblatt,True,m
00625-05,1864,E,Daheim. Ein deutsches Familienblatt mit Illustrationen. Heft 11,Familienblatt,True,m
00625-06,1864,E,Daheim. Ein deutsches Familienblatt mit Illustrationen. Heft 12,Familienblatt,True,m
00626-00,1864,0PA,Daheim. Ein deutsches Familienblatt mit Illustrationen. Heft 7,Familienblatt,True,m
00627-00,1864,0E,Daheim. Ein deutsches Familienblatt mit Illustrationen. Heft 8,Familienblatt,True,m
00728-00,1866,0E,Daheim. Ein deutsches Familienblatt mit Illustrationen. Heft 4 / Jg. 2.,Familienblatt,True,m
00728-01,1866,0E,Daheim. Ein deutsches Familienblatt mit Illustrationen. Heft 4 / Jg. 2.,Familienblatt,True,m
00728-02,1866,0E,Daheim. Ein deutsches Familienblatt mit Illustrationen. Heft 5 / Jg. 2.,Familienblatt,True,m
00729-00,1866,0E,Daheim. Ein deutsches Familienblatt mit Illustrationen. Heft 4 / Jg. 2.,Familienblatt,True,f
00729-01,1866,0E,Daheim. Ein deutsches Familienblatt mit Illustrationen. Heft 4 / Jg. 2.,Familienblatt,True,m
00729-02,1866,0E,Daheim. Ein deutsches Familienblatt mit Illustrationen. Heft 4 / Jg. 2.,Familienblatt,True,m
00730-00,1865,0E,Daheim. Ein deutsches Familienblatt mit Illustrationen. Heft 17,Familienblatt,True,m
00730-01,1865,0E,Daheim. Ein deutsches Familienblatt mit Illustrationen. Heft 17,Familienblatt,True,m
00730-02,1865,0E,Daheim. Ein deutsches Familienblatt mit Illustrationen. Heft 18,Familienblatt,True,m
00730-03,1865,0E,Daheim. Ein deutsches Familienblatt mit Illustrationen. Heft 19,Familienblatt,True,m
00730-04,1865,0E,Daheim. Ein deutsches Familienblatt mit Illustrationen. Heft 20,Familienblatt,True,m
00730-05,1865,0E,Daheim. Ein deutsches Familienblatt mit Illustrationen. Heft 21,Familienblatt,True,m
00731-00,1865,0E,Daheim. Ein deutsches Familienblatt mit Illustrationen. Heft 12,Familienblatt,True,m
00731-01,1865,0E,Daheim. Ein deutsches Familienblatt mit Illustrationen. Heft 12,Familienblatt,True,m
00731-02,1865,0E,Daheim. Ein deutsches Familienblatt mit Illustrationen. Heft 13,Familienblatt,True,
00732-00,1865,M,Daheim. Ein deutsches Familienblatt mit Illustrationen. Heft 12,Familienblatt,True,m
00733-00,1865,N,Daheim. Ein deutsches Familienblatt mit Illustrationen. Heft 35,Familienblatt,True,m
00733-01,1865,N,Daheim. Ein deutsches Familienblatt mit Illustrationen. Heft 35,Familienblatt,True,m
00733-02,1865,N,Daheim. Ein deutsches Familienblatt mit Illustrationen. Heft 36,Familienblatt,True,m
00733-03,1865,N,Daheim. Ein deutsches Familienblatt mit Illustrationen. Heft 37,Familienblatt,True,m
00733-04,1865,N,Daheim. Ein deutsches Familienblatt mit Illustrationen. Heft 38,Familienblatt,True,m
00734-00,1865,0E,Die Gartenlaube. Illustriertes Familienblatt. Heft 17,Familienblatt,True,m
00734-01,1865,0E,Die Gartenlaube. Illustriertes Familienblatt. Heft 17,Familienblatt,True,m
00734-02,1865,0E,Die Gartenlaube. Illustriertes Familienblatt. Heft 18,Familienblatt,True,unbekannt
00734-03,1865,0E,Die Gartenlaube. Illustriertes Familienblatt. Heft 19,Familienblatt,True,unbekannt
00734-04,1865,0E,Die Gartenlaube. Illustriertes Familienblatt. Heft 20,Familienblatt,True,unbekannt
00734-05,1865,0E,Die Gartenlaube. Illustriertes Familienblatt. Heft 21,Familienblatt,True,unbekannt
00734-06,1865,0E,Die Gartenlaube. Illustriertes Familienblatt. Heft 22,Familienblatt,True,m
00735-00,1865,N,Daheim. Ein deutsches Familienblatt mit Illustrationen. Heft 27,Familienblatt,True,m
00735-01,1865,N,Daheim. Ein deutsches Familienblatt mit Illustrationen. Heft 27,Familienblatt,True,f
00735-02,1865,N,Daheim. Ein deutsches Familienblatt mit Illustrationen. Heft 28,Familienblatt,True,
00735-03,1865,N,Daheim. Ein deutsches Familienblatt mit Illustrationen. Heft 29,Familienblatt,True,m
00735-04,1865,N,Daheim. Ein deutsches Familienblatt mit Illustrationen. Heft 30,Familienblatt,True,m
00735-05,1865,N,Daheim. Ein deutsches Familienblatt mit Illustrationen. Heft 31,Familienblatt,True,m
00735-06,1865,N,Daheim. Ein deutsches Familienblatt mit Illustrationen. Heft 32,Familienblatt,True,m
00736-00,1866,0P,Daheim. Ein deutsches Familienblatt mit Illustrationen. Heft 5,Familienblatt,True,m
00737-00,1866,0E,Daheim. Ein deutsches Familienblatt mit Illustrationen. Heft 5,Familienblatt,True,m
00738-00,1866,0E,Daheim. Ein deutsches Familienblatt mit Illustrationen.,Familienblatt,True,m
00738-02,1866,0E,Daheim. Ein deutsches Familienblatt mit Illustrationen. Heft 5,Familienblatt,True,m
00739-04,1866,0E,Daheim. Ein deutsches Familienblatt mit Illustrationen. Heft 4,Familienblatt,True,m
00740-00,1866,0X_Essay,Daheim. Ein deutsches Familienblatt mit Illustrationen. Heft 1,Familienblatt,True,m
00741-00,1866,0P,Daheim. Ein deutsches Familienblatt mit Illustrationen. Heft 3,Familienblatt,True,m
00742-01,1866,0P,Daheim. Ein deutsches Familienblatt mit Illustrationen. Heft 5,Familienblatt,True,
00743-00,1866,0P,Daheim. Ein deutsches Familienblatt mit Illustrationen. Heft 3,Familienblatt,True,m
00744-00,1866,0P,Daheim. Ein deutsches Familienblatt mit Illustrationen. Heft 2,Familienblatt,True,m
00745-00,1866,0P,Daheim. Ein deutsches Familienblatt mit Illustrationen. Heft 3,Familienblatt,True,f
00746-00,1876,R,Daheim. Ein deutsches Familienblatt mit Illustrationen. Heft 1,Familienblatt,True,m
00746-01,1876,R,Daheim. Ein deutsches Familienblatt mit Illustrationen. Heft 1,Familienblatt,True,m
00746-02,1876,R,Daheim. Ein deutsches Familienblatt mit Illustrationen. Heft 2,Familienblatt,True,m
00746-03,1876,R,Daheim. Ein deutsches Familienblatt mit Illustrationen. Heft 3,Familienblatt,True,m
00746-04,1876,R,Daheim. Ein deutsches Familienblatt mit Illustrationen. Heft 4,Familienblatt,True,m
00746-05,1876,R,Daheim. Ein deutsches Familienblatt mit Illustrationen. Heft 5,Familienblatt,True,m
00746-06,1876,R,Daheim. Ein deutsches Familienblatt mit Illustrationen. Heft 6,Familienblatt,True,m
00746-07,1876,R,Daheim. Ein deutsches Familienblatt mit Illustrationen. Heft 7,Familienblatt,True,m
00746-08,1876,R,Daheim. Ein deutsches Familienblatt mit Illustrationen. Heft 8,Familienblatt,True,m
00746-09,1876,R,Daheim. Ein deutsches Familienblatt mit Illustrationen. Heft 9,Familienblatt,True,m
00747-00,1876,0PB,Daheim. Ein deutsches Familienblatt mit Illustrationen. Heft 1,Familienblatt,True,m
00748-00,1876,0PE,Daheim. Ein deutsches Familienblatt mit Illustrationen. Heft 1,Familienblatt,True,m
00750-00,1870,0E,Die Gartenlaube.,Familienblatt,True,m
00750-01,1870,0E,Die Gartenlaube.,Familienblatt,True,m
00750-02,1870,0E,Die Gartenlaube.,Familienblatt,True,m
00750-03,1870,0E,Die Gartenlaube.,Familienblatt,True,m
00750-04,1870,0E,Die Gartenlaube.,Familienblatt,True,m
00750-05,1870,0E,Die Gartenlaube.,Familienblatt,True,m
00750-06,1870,0E,Die Gartenlaube.,Familienblatt,True,m
00750-07,1870,0E,Die Gartenlaube.,Familienblatt,True,m
00750-08,1870,0E,Die Gartenlaube.,Familienblatt,True,m
00750-09,1870,0E,Die Gartenlaube.,Familienblatt,True,m
00750-10,1870,0E,Die Gartenlaube.,Familienblatt,True,m
00750-11,1870,0E,Die Gartenlaube.,Familienblatt,True,m
00750-12,1870,0E,Die Gartenlaube.,Familienblatt,True,m
00750-13,1870,0E,Die Gartenlaube.,Familienblatt,True,m
00750-14,1870,0E,Die Gartenlaube.,Familienblatt,True,m
00750-15,1870,0E,Die Gartenlaube.,Familienblatt,True,m
00750-16,1870,0E,Die Gartenlaube.,Familienblatt,True,m
00750-17,1870,0E,Die Gartenlaube.,Familienblatt,True,m
00750-18,1870,0E,Die Gartenlaube.,Familienblatt,True,m
00750-19,1870,0E,Die Gartenlaube.,Familienblatt,True,m
00750-20,1870,0E,Die Gartenlaube.,Familienblatt,True,m
00750-21,1870,0E,Die Gartenlaube.,Familienblatt,True,m
00750-22,1870,0E,Die Gartenlaube.,Familienblatt,True,m
00750-23,1870,0E,Die Gartenlaube.,Familienblatt,True,m
00750-24,1870,0E,Die Gartenlaube.,Familienblatt,True,m
00750-25,1870,0E,Die Gartenlaube.,Familienblatt,True,f
00750-26,1870,0E,Die Gartenlaube.,Familienblatt,True,m
00750-27,1870,0E,Die Gartenlaube.,Familienblatt,True,m
00750-28,1870,0E,Die Gartenlaube.,Familienblatt,True,m
00750-29,1870,0E,Die Gartenlaube.,Familienblatt,True,m
00750-30,1870,0E,Die Gartenlaube.,Familienblatt,True,unbekannt
00750-31,1870,0E,Die Gartenlaube.,Familienblatt,True,m
00750-32,1870,0E,Die Gartenlaube.,Familienblatt,True,m
00750-33,1870,0E,Die Gartenlaube.,Familienblatt,True,m
00749-00,1865,0E,Fliegende Blätter. Bd. XIII,Illustrierte,True,m
00749-01,1865,0E,Fliegende Blätter. Bd. XIII,Illustrierte,True,
00749-02,1865,0E,Fliegende Blätter. Bd. XIII,Illustrierte,True,m
00209-00,1881,0E,Westermanns illustrierte deutsche Monatshefte,Rundschau,True,f
00247-00,1861,0E,Westermanns illustrierte Deutsche Monatshefte,Rundschau,True,f
00329-00,1876,E,Westermanns illustrierte deutsche Monatshefte,Rundschau,True,
00385-00,1857,N,Westermanns illustrierte Deutsche Monatshefte,Rundschau,True,f
00479-00,1862,N,Westermanns illustrierte Deutsche Monatshefte,Rundschau,True,f
00481-00,1863,N,Westermanns illustrierte Deutsche Monatshefte,Rundschau,True,f
00487-00,1866,N,Westermanns illustrierte deutsche Monatshefte,Rundschau,True,m
00491-00,1874,N,Westermanns illustrierte Deutsche Monatshefte,Rundschau,True,m
00503-00,1868,N,Westermanns illustrierte Deutsche Monatshefte,Rundschau,True,m
00504-00,1882,N,Westermanns illustrierte Deutsche Monatshefte,Rundschau,True,m
00000-00,1897,E,Monatsblätter für deutsche Litteratur 2,Zeitschrift,True,m
00001-00,1897,E,Monatsblätter für deutsche Litteratur 2,Zeitschrift,True,m
00002-00,1897,E,Monatsblätter für deutsche Litteratur 2,Zeitschrift,True,m
00003-00,1897,XE,Monatsblätter für deutsche Litteratur 2,Zeitschrift,True,m
00004-00,1897,XE,Monatsblätter für deutsche Litteratur 2,Zeitschrift,True,
00005-00,1897,XE,Monatsblätter für deutsche Litteratur 2,Zeitschrift,True,
00006-00,1897,XE,Monatsblätter für deutsche Litteratur 2,Zeitschrift,True,f
00040-00,1827,N,Cottas Morgenblatt für gebildete Stände,Zeitschrift,True,m
00043-00,1818,0E,Erheiterungen. Eine Monatsschrift für gebildete Leser,Zeitschrift,True,f
00047-00,1842,XE,Cottas’s Morgenblatt für gebildete Leser,Zeitschrift,True,m
00048-00,1855,N,Cotta’s Morgenblatt für gebildete Leser,Zeitschrift,True,m
00049-00,1871,0E,Westermanns illustrierte deutsche Monatshefte,Zeitschrift,True,m
00166-00,1827,N,Cotta’s Morgenblatt für gebildete Leser,Zeitschrift,True,m
00167-00,1827,0E,Cotta’s Morgenblatt für gebildete Leser,Zeitschrift,True,m
00168-00,1827,ungeklärt,Cotta’s Morgenblatt für gebildete Leser,Zeitschrift,True,m
00169-00,1827,ungeklärt,Cotta’s Morgenblatt für gebildete Leser,Zeitschrift,True,m
00170-00,1827,ungeklärt,Cotta’s Morgenblatt für gebildete Leser,Zeitschrift,True,m
00171-00,1827,ungeklärt,Cotta’s Morgenblatt für gebildete Leser,Zeitschrift,True,m
00172-00,1827,ungeklärt,Cotta’s Morgenblatt für gebildete Leser,Zeitschrift,True,m
00173-00,1827,ungeklärt,Cotta’s Morgenblatt für gebildete Leser,Zeitschrift,True,m
00174-00,1827,ungeklärt,Cotta’s Morgenblatt für gebildete Leser,Zeitschrift,True,m
00175-00,1827,ungeklärt,Cotta’s Morgenblatt für gebildete Leser,Zeitschrift,True,m
00176-00,1827,ungeklärt,Cotta’s Morgenblatt für gebildete Leser,Zeitschrift,True,m
00201-00,1839,XE, Telegraph für Deutschland,Zeitschrift,True,m
00293-00,1815,0E,Der Freimuethige,Zeitschrift,True,m
00488-00,1819,0E,Der Freimüthige,Zeitschrift,True,m
00014-00,1827,N,Dresdner Morgenzeitung,Zeitung,True,m
00017-00,1822,N,Dresdener Merkur,Zeitung,True,m
00163-00,1819,0E,Der Feimüthige,Zeitung,True,m
00218-00,1810,0E,Allgemeine Musikalische Zeitung (Leipzig),Zeitung,True,m
00253-00,1899,0E,Neue Freie Presse Wien,Zeitung,True,m
00280-00,1849,E,Die Presse (Wien),Zeitung,True,m
00289-00,1882,E,Vossische Zeitung,Zeitung,True,m
00300-00,1813,E,Allgemeine Musikalische Zeitung (Leipzig),Zeitung,True,f
00310-00,1811,0E,Der Freimuethige,Zeitung,True,f
00485-00,1838,N,Pariser Tageszeitung,Zeitung,True,f
00494-00,1900,N,Wiener neue freie Presse,Zeitung,True,f
00200-00,1818,0E,Erzählungen,Anthologie,,m
00221-00,1915,0E,Die weißen Blätter,Zeitschrift,vermutlich,m
00252-00,1897,0E,Cosmopolis,Zeitschrift,vermutlich,m
00266-00,1850,0E,Cottas Morgenblatt,Zeitschrift,vermutlich,m
00268-00,1821,0E,Erheiterungen.  Eine Monatsschrift für gebildete Leser,Zeitschrift,vermutlich,m
00308-00,1810,E,(journal),Zeitschrift,vermutlich,f
00309-00,1810,E,(journal),Zeitschrift,vermutlich,m
00311-00,1807,E,(journal),Zeitschrift,vermutlich,m
00314-00,1808,E,(journal),Zeitschrift,vermutlich,m
00319-00,1811,E,(journal),Zeitschrift,vermutlich,m
00320-00,1908,E,(journal),Zeitschrift,vermutlich,m
00328-00,1888,E,(journal),Zeitschrift,vermutlich,
00335-00,1818,E,Erheiterungen.  Eine Monatsschrift für gebildete Leser,Zeitschrift,vermutlich,m
00338-00,1844,E,Schweizerisches Unterhaltungsblatt,Zeitschrift,vermutlich,f
00407-00,1878,N,Nord und Süd,Zeitschrift,vermutlich,f
00422-00,1856,N,(journal),Zeitschrift,vermutlich,m
00424-00,1819,E,"Der Erzähler.  Eine Unterhaltungszeitschrift für Gebildete (Berlin), 2. Bd.",Zeitschrift,vermutlich,m
00427-00,1888,N,Die Gesellschaft,Zeitschrift,vermutlich,m
00462-00,1875,N,(journal),Zeitschrift,vermutlich,m
00495-00,1925,N,Die Dame,Zeitschrift,vermutlich,m
00533-00,1920,N,(journal),Zeitschrift,vermutlich,m
00535-00,1927,N,(journal),Zeitschrift,vermutlich,m
00560-00,1804,R,Journal von neuen deutschen Original Romanen,Zeitschrift,vermutlich,m
00113-00,1899,0E,Neue Freie Presse Wien,Zeitung,vermutlich,m
00110-00,1843,XE,,(unbekannt),,f
00203-00,1806,0E,(Medium unbekannt),(unbekannt),,
00269-00,1904,0E,(unbekannt),(unbekannt),,m
00398-00,1894,N,(unbekannt),(unbekannt),,m
00536-00,1884,R,(unbekannt),(unbekannt),,m
00537-00,1890,R,(unbekannt),(unbekannt),,m
00540-00,1805,R,Roman/Monographie,(unbekannt),,m
00541-00,1904,R,Roman/Monographie,(unbekannt),,
00543-00,1868,R,Roman/Monographie,(unbekannt),,unbekannt
00544-00,1913,R,Roman/Monographie,(unbekannt),,m
00545-00,1894,R,Roman/Monographie,(unbekannt),,m
00546-00,1897,R,Roman/Monographie,(unbekannt),,m
00547-00,1855,R,Roman/Monographie,(unbekannt),,m
00548-00,1850,R,Roman/Monographie,(unbekannt),,m
00549-00,1796,R,Roman/Monographie,(unbekannt),,m
00550-00,1809,R,Roman/Monographie,(unbekannt),,m
00551-00,1821,R,Roman/Monographie,(unbekannt),,m
00552-00,1774,R,Roman/Monographie,(unbekannt),,m
00553-00,1835,R,Roman/Monographie,(unbekannt),,m
00554-00,1907,R,Roman/Monographie,(unbekannt),,m
00555-00,1787,R,Roman/Monographie,(unbekannt),,m
00556-00,1799,R,Roman/Monographie,(unbekannt),,m
00557-00,1855,R,Roman/Monographie,(unbekannt),,m
00558-00,1880,R,Roman/Monographie,(unbekannt),,m
00559-00,1886,R,Roman/Monographie,(unbekannt),,m
00561-00,1911,R,Roman/Monographie,(unbekannt),,m
00562-00,1915,R,Roman/Monographie,(unbekannt),,m
00564-00,1808,R,Roman/Monographie,(unbekannt),,m
00565-00,1863,R,Deutsche Romanzeitung,(unbekannt),,m
00566-00,1891,R,Roman/Monographie,(unbekannt),,m
00567-00,1875,R,Roman/Monographie,(unbekannt),,m
00568-00,1855,R,Roman/Monographie,(unbekannt),,m
00569-00,1786,R,Roman/Monographie,(unbekannt),,m
00570-00,1801,R,Roman/Monographie,(unbekannt),,
00571-00,1875,R,Roman/Monographie,(unbekannt),,m
00572-00,1827,R,Roman/Monographie,(unbekannt),,m
00573-00,1795,R,Roman/Monographie,(unbekannt),,m
00574-00,1798,R,Roman/Monographie,(unbekannt),,m
00575-00,1840,R,Roman/Monographie,(unbekannt),,m
00576-00,1832,R,Roman/Monographie,(unbekannt),,m
00578-00,1796,R,Roman/Monographie,(unbekannt),,m
00579-00,1795,R,Roman/Monographie,(unbekannt),,m
00628-00,1845,R,Roman/Monographie,(unbekannt),,m
00629-00,1854,R,Roman/Monographie,(unbekannt),,m
00630-00,1857,R,Roman/Monographie,(unbekannt),,m
00631-00,1858,R,Roman/Monographie,(unbekannt),,m
00632-00,1854,R,Roman/Monographie,(unbekannt),,m
00633-00,1846,R,Roman/Monographie,(unbekannt),,m
00634-00,1841,R,Roman/Monographie,(unbekannt),,m
00635-00,1843,R,Roman/Monographie,(unbekannt),,m
00636-00,1859,R,Roman/Monographie,(unbekannt),,f
00637-00,1848,R,Roman/Monographie,(unbekannt),,f
00639-00,1847,R,Roman/Monographie,(unbekannt),,f
00640-00,1856,R,Roman/Monographie,(unbekannt),,f
00642-00,1840,R,Roman/Monographie,(unbekannt),,m
00643-00,1846,R,Roman/Monographie,(unbekannt),,f
00644-00,1843,R,Roman/Monographie,(unbekannt),,m
00645-00,1845,R,Roman/Monographie,(unbekannt),,unbekannt
00646-00,1846,R,Roman/Monographie,(unbekannt),,m
00647-00,1846,R,Roman/Monographie,(unbekannt),,m
00648-00,1843,R,Roman/Monographie,(unbekannt),,m
00649-00,1844,R,Roman/Monographie,(unbekannt),,m
00650-00,1841,R,Roman/Monographie,(unbekannt),,m
00651-00,1858,R,Roman/Monographie,(unbekannt),,f
00652-00,1855,R,Roman/Monographie,(unbekannt),,m
00653-00,1879,R,Roman/Monographie,(unbekannt),,m
00654-00,1876,R,Roman/Monographie,(unbekannt),,m
00655-00,1871,R,Roman/Monographie,(unbekannt),,m
00656-00,1879,R,Roman/Monographie,(unbekannt),,m
00657-00,1864,R,Roman/Monographie,(unbekannt),,f
00658-00,1869,R,Roman/Monographie,(unbekannt),,m
00659-00,1876,R,Roman/Monographie,(unbekannt),,f
00660-00,1868,R,Roman/Monographie,(unbekannt),,m
00661-00,1879,R,Roman/Monographie,(unbekannt),,
00662-00,1878,R,Roman/Monographie,(unbekannt),,m
00664-00,1871,R,Roman/Monographie,(unbekannt),,m
00665-00,1863,R,Roman/Monographie,(unbekannt),,
00666-00,1861,R,Roman/Monographie,(unbekannt),,
00667-00,1866,R,Roman/Monographie,(unbekannt),,m
00668-00,1867,R,Roman/Monographie,(unbekannt),,m
00669-00,1865,R,Roman/Monographie,(unbekannt),,m
00670-00,1869,R,Roman/Monographie,(unbekannt),,m
00671-00,1876,R,Roman/Monographie,(unbekannt),,m
00672-00,1865,R,Roman/Monographie,(unbekannt),,m
00674-00,1862,R,Roman/Monographie,(unbekannt),,m
00675-00,1872,R,Roman/Monographie,(unbekannt),,m
00676-00,1863,R,Roman/Monographie,(unbekannt),,m
00677-00,1867,R,Roman/Monographie,(unbekannt),,m
00678-00,1885,R,Roman/Monographie,(unbekannt),,
00679-00,1880,R,Roman/Monographie,(unbekannt),,m
00680-00,1884,R,Roman/Monographie,(unbekannt),,m
00681-00,1899,R,Roman/Monographie,(unbekannt),,m
00682-00,1890,R,Roman/Monographie,(unbekannt),,m
00683-00,1889,R,Roman/Monographie,(unbekannt),,m
00684-00,1896,R,Roman/Monographie,(unbekannt),,
00685-00,1880,R,Roman/Monographie,(unbekannt),,m
00686-00,1887,R,Roman/Monographie,(unbekannt),,unbekannt
00687-00,1897,R,Roman/Monographie,(unbekannt),,f
00688-00,1888,R,Roman/Monographie,(unbekannt),,m
00689-00,1895,R,Roman/Monographie,(unbekannt),,m
00690-00,1894,R,Roman/Monographie,(unbekannt),,
00691-00,1892,R,Roman/Monographie,(unbekannt),,m
00692-00,1897,R,Roman/Monographie,(unbekannt),,
00694-00,1895,R,Roman/Monographie,(unbekannt),,f
00695-00,1898,R,Roman/Monographie,(unbekannt),,f
00696-00,1888,R,Roman/Monographie,(unbekannt),,m
00698-00,1887,R,Roman/Monographie,(unbekannt),,m
00699-00,1887,R,Roman/Monographie,(unbekannt),,m
00700-00,1899,R,Roman/Monographie,(unbekannt),,m
00701-00,1889,R,Roman/Monographie,(unbekannt),,m
00702-00,1896,R,Roman/Monographie,(unbekannt),,m
00703-00,1907,R,Roman/Monographie,(unbekannt),,m
00704-00,1903,R,Roman/Monographie,(unbekannt),,f
00705-00,1919,R,Roman/Monographie,(unbekannt),,m
00706-00,1910,R,Roman/Monographie,(unbekannt),,m
00707-00,1907,R,Roman/Monographie,(unbekannt),,m
00708-00,1904,R,Roman/Monographie,(unbekannt),,m
00709-00,1915,R,Roman/Monographie,(unbekannt),,m
00710-00,1913,R,Roman/Monographie,(unbekannt),,m
00711-00,1909,R,Roman/Monographie,(unbekannt),,m
00712-00,1914,R,Roman/Monographie,(unbekannt),,m
00713-00,1905,R,Roman/Monographie,(unbekannt),,m
00714-00,1903,R,Roman/Monographie,(unbekannt),,m
00715-00,1906,R,Roman/Monographie,(unbekannt),,m
00716-00,1909,R,Roman/Monographie,(unbekannt),,m
00717-00,1912,R,Roman/Monographie,(unbekannt),,m
00719-00,1917,R,Roman/Monographie,(unbekannt),,m
00720-00,1920,R,Roman/Monographie,(unbekannt),,m
00722-00,1918,R,Roman/Monographie,(unbekannt),,unbekannt
00724-00,1911,R,Roman/Monographie,(unbekannt),,unbekannt
00725-00,1913,R,Roman/Monographie,(unbekannt),,unbekannt
00726-00,1914,R,Roman/Monographie,(unbekannt),,unbekannt
00727-00,1903,R,Roman/Monographie,(unbekannt),,m
00112-00,1877,XE,Die Juden von Barnow,Anthologie,,m
00165-00,1809,N,Der Wintergarten. Novellen.,Anthologie,,unbekannt
00204-00,1884,0E,Unsere Nachbarn,Anthologie,,unbekannt
00211-00,1842,0E,Geschichten und Sagen aus der Schweiz,Anthologie,,unbekannt
00214-00,1895,E,Erzählungen,Anthologie,,m
00215-00,1905,XE,Der Tag Anderer,Anthologie,,m
00216-00,1905,0E,Der Tag Anderer,Anthologie,,unbekannt
00217-00,1816,0E,Nachtstücke (1),Anthologie,,unbekannt
00219-00,1899,0E,Papa Hamlet,Anthologie,,unbekannt
00223-00,1874,0E,Die Leute von Seldwyla,Anthologie,,unbekannt
00224-00,1903,0E,Anthologie,Anthologie,,m
00226-00,1851,0E,Leopold Kompert: Böhmische Juden (Erzählungen),Anthologie,,f
00227-00,1859,0E,Hermann Kurz: Neun Bücher. Denk- und Glaubwürdigkeiten,Anthologie,,m
00229-00,1919,0E,Anthologie,Anthologie,,m
00254-00,1853,0E,Bunte Steine,Anthologie,,m
00256-00,1917,0E,Anthologie,Anthologie,,m
00258-00,1809,N,Der Winterabend. Novellen.,Anthologie,,m
00259-00,1809,N,Der Winterabend. Novellen.,Anthologie,,m
00260-00,1809,N,Der Winterabend. Novellen.,Anthologie,,m
00261-00,1809,N,Der Winterabend. Novellen.,Anthologie,,f
00262-00,1809,N,Der Winterabend. Novellen.,Anthologie,,f
00263-00,1809,N,Der Winterabend. Novellen.,Anthologie,,f
00274-00,1853,XE,Schwarzwälder Dorfgeschichten,Anthologie,,f
00275-00,1843,XE,Schwarzwälder Dorfgeschichten,Anthologie,,f
00276-00,1843,XE,Schwarzwälder Dorfgeschichten,Anthologie,,f
00281-00,1822,E,Anthologie,Anthologie,,f
00292-00,1809,N,Der Wintergarten. Novellen.,Anthologie,,m
00294-00,1814,E,Anthologie,Anthologie,,m
00296-00,1817,E,Nachstücke,Anthologie,,m
00297-00,1817,E,Nachtstücke,Anthologie,,m
00298-00,1817,E,Nachtstücke,Anthologie,,m
00299-00,1817,E,Nachtstücke,Anthologie,,m
00301-00,1818,XE,Der Wintergarten,Anthologie,,m
00302-00,1809,N,Der Wintergarten. Novellen.,Anthologie,,m
00304-00,1823,E,Anthologie,Anthologie,,m
00306-00,1856,E,Die Leute von Seldwyla,Anthologie,,unbekannt
00312-00,1811,E,Anthologie,Anthologie,,unbekannt
00313-00,1810,E,Anthologie,Anthologie,,m
00316-00,1811,E,Anthologie,Anthologie,,unbekannt
00321-00,1911,E,Anthologie,Anthologie,,unbekannt
00322-00,1911,E,Anthologie,Anthologie,,unbekannt
00336-00,1929,E,Anthologie,Anthologie,,unbekannt
00345-00,1880,M,Anthologie,Anthologie,,m
00346-00,1802,M,Anthologie,Anthologie,,m
00348-00,1809,N,Der Wintergarten. Novellen.,Anthologie,,m
00350-00,1812,M,grimm_khm,Anthologie,,m
00351-00,1812,M,grimm_khm,Anthologie,,m
00352-00,1812,M,grimm_khm,Anthologie,,m
00353-00,1812,M,grimm_khm,Anthologie,,m
00354-00,1812,M,grimm_khm,Anthologie,,unbekannt
00355-00,1812,M,grimm_khm,Anthologie,,unbekannt
00356-00,1812,M,grimm_khm,Anthologie,,m
00357-00,1812,M,grimm_khm,Anthologie,,m
00358-00,1812,M,grimm_khm,Anthologie,,m
00359-00,1812,M,grimm_khm,Anthologie,,f
00360-00,1812,M,grimm_khm,Anthologie,,m
00361-00,1812,M,grimm_khm,Anthologie,,m
00362-00,1812,M,grimm_khm,Anthologie,,m
00363-00,1812,M,grimm_khm,Anthologie,,m
00364-00,1812,M,grimm_khm,Anthologie,,m
00365-00,1812,M,grimm_khm,Anthologie,,f
00366-00,1814,M,Fantasiestücke,Anthologie,,m
00367-00,1836,M,Anthologie,Anthologie,,f
00370-00,1822,M,Anthologie,Anthologie,,m
00371-00,1822,M,Anthologie,Anthologie,,
00372-00,1822,M,Anthologie,Anthologie,,f
00373-00,1822,M,Anthologie,Anthologie,,m
00374-00,1822,M,Anthologie,Anthologie,,m
00375-00,1822,M,Anthologie,Anthologie,,f
00376-00,1822,M,Anthologie,Anthologie,,m
00377-00,1822,M,Anthologie,Anthologie,,f
00378-00,1809,N,Der Wintergarten. Novellen.,Anthologie,,f
00379-00,1809,N,Der Wintergarten. Novellen.,Anthologie,,f
00380-00,1797,M,Anthologie,Anthologie,,m
00381-00,1825,N,Anthologie,Anthologie,,m
00382-00,1830,N,Anthologie,Anthologie,,m
00383-00,1809,N,Der Wintergarten. Novellen.,Anthologie,,m
00386-00,1809,N,Der Wintergarten. Novellen.,Anthologie,,f
00387-00,1809,N,Der Wintergarten. Novellen.,Anthologie,,f
00388-00,1809,N,Der Wintergarten. Novellen.,Anthologie,,m
00399-00,1897,N,Mütter,Anthologie,,m
00400-00,1897,N,Mütter,Anthologie,,m
00401-00,1897,N,Mütter,Anthologie,,m
00402-00,1826,N,Anthologie,Anthologie,,f
00404-00,1832,N,Anthologie,Anthologie,,m
00408-00,1877,N,Anthologie,Anthologie,,m
00409-00,1869,N,Anthologie,Anthologie,,
00412-00,1856,N,Anthologie,Anthologie,,f
00413-00,1862,N,Anthologie,Anthologie,,m
00416-00,1858,N,Anthologie,Anthologie,,m
00417-00,1874,N,Anthologie,Anthologie,,f
00419-00,1856,N,Anthologie,Anthologie,,f
00426-00,1809,N,Der Wintergarten. Novellen.,Anthologie,,m
00435-00,1855,N,Anthologie,Anthologie,,m
00437-00,1875,N,Anthologie,Anthologie,,m
00438-00,1830,N,Miscellen,Anthologie,,m
00439-00,1906,N,Anthologie,Anthologie,,
00440-00,1906,N,Anthologie,Anthologie,,f
00441-00,1900,N,Anthologie,Anthologie,,m
00442-00,1900,N,Anthologie,Anthologie,,m
00447-00,1847,N,Anthologie,Anthologie,,m
00448-00,1849,N,Anthologie,Anthologie,,m
00451-00,1829,N,Anthologie,Anthologie,,f
00452-00,1857,N,Anthologie,Anthologie,,m
00455-00,1835,N,Anthologie,Anthologie,,m
00456-00,1855,N,Anthologie,Anthologie,,m
00458-00,1867,N,Anthologie,Anthologie,,m
00464-00,1873,N,Anthologie,Anthologie,,f
00467-00,1907,N,Anthologie,Anthologie,,f
00471-00,1924,N,Drei Frauen,Anthologie,,m
00472-00,1924,N,Drei Frauen,Anthologie,,f
00473-00,1924,N,Drei Frauen,Anthologie,,m
00489-00,1809,N,Der Wintergarten. Novellen.,Anthologie,,m
00510-00,1809,N,Der Wintergarten. Novellen.,Anthologie,,f
00511-00,1809,N,Der Wintergarten. Novellen.,Anthologie,,f
00512-00,1809,N,Der Wintergarten. Novellen.,Anthologie,,m
00513-00,1812,E,(Anthologie ohne eigenen Titel),Anthologie,,
00515-00,1812,XE,(Anthologie ohne eigenen Titel),Anthologie,,m
00528-00,1865,N,Anthologie,Anthologie,,m
00418-00,1850,N,Jahrbuch,Jahrbuch,,m
00305-00,1860,E,Auerbachs Volkskalender,Kalender,,
00476-00,1819,0E,Berlinischer Taschenkalender,Kalender,,m
00520-00,1801,0E,Damenkalender auf das Jahr 1802,Kalender,,m
00522-00,1803,0E,Damenkalender auf das Jahr 1804,Kalender,,f
00527-00,1872,N,Kalender,Kalender,,f
00202-00,1891,0E,Eduards Traum (Buchtitel gleich Werktitel),Monographie,,f
00206-00,1903,0R,Agave (Buchtitel gleich Werktitel),Monographie,,m
00236-00,1906,0E,Monographie,Monographie,,f
00264-00,1796,0E,Roman/Monographie,Monographie,,m
00285-00,1813,E,Monographie,Monographie,,m
00307-00,1914,E,(Buch),Monographie,,m
00415-00,1828,N,Roman/Monographie,Monographie,,m
00425-00,1827,N,Monographie,Monographie,,f
00469-00,1832,N,Monographie,Monographie,,m
00521-00,1836,N,Roman/Monographie,Monographie,,m
00534-00,1942,N,Roman/Monographie,Monographie,,m
00538-00,1836,R,Roman/Monographie,Monographie,,f
00539-00,1815,R,Roman/Monographie,Monographie,,f
00577-00,1799,R,Roman/Monographie,Monographie,,m
00611-00,1820,R,[als Buch],Monographie,,m
00721-00,1907,R,Roman/Monographie,Monographie,,f
00207-00,1866,0E,Werke aus dem Nachlss,Nachlass,,m
00349-00,1829,M,"Fassung der Wanderjahre, 2. Aufl. (Roman)",Roman,,m
00368-00,1802,M,Roman/Monographie,Roman,,f
00369-00,1802,M,Roman/Monographie,Roman,,m
00580-00,1829,0E,Wilhelm Meisters Wanderjahre,Roman,,m
00222-00,1922,0E,Die neue Rundschau,Rundschau,,m 
00235-00,1828,0E,Die neue Rundschau,Rundschau,,m
00444-00,1876,N,Deutsche Rundschau,Rundschau,,f
00445-00,1876,N,Deutsche Rundschau,Rundschau,,f
00446-00,1876,N,Deutsche Rundschau,Rundschau,,f
00465-00,1883,N,Deutsche Rundschau,Rundschau,,m
00466-00,1887,N,Deutsche Rundschau,Rundschau,,m
00493-00,1924,N,Die neue Rundschau,Rundschau,,m
00502-00,1876,N,Deutsche Rundschau,Rundschau,,unbekannt
00505-00,1888,N,Deutsche Rundschau,Rundschau,,unbekannt
00506-00,1883,N,Deutsche Rundschau,Rundschau,,unbekannt
00718-00,1918,0E,Die neue Rundschau,Rundschau,,m
00245-00,1828,0E,Pantheon,Sammlung,,m
00287-00,1812,E,None,Sammlung,,m
00326-00,1829,E,Pantheon. Bd. 6,Sammlung,,m
00327-00,1829,E,Pantheon. Bd. 7,Sammlung,,m
00475-00,1828,N,Pantheon,Sammlung,,m
00490-00,1830,N,Deutscher Novellenschatz (Heyse),Sammlung,,m
00531-00,1864,N,Deutscher Novellenschatz (Heyse),Sammlung,,m
00595-00,1829,N,Pantheon. Eine Sammlung vorzüglicher Novellen und Erzählungen der Lieblingsdichter Europa's. Bd.4,Sammlung,,m
00596-00,1830,N,Pantheon. Eine Sammlung vorzüglicher Novellen und Erzählungen der Lieblingsdichter Europa's. Bd.15,Sammlung,,m
00597-00,1828,E,Pantheon. Eine Sammlung vorzüglicher Novellen und Erzählungen der Lieblingsdichter Europa's. Bd. 2,Sammlung,,m
00598-00,1828,E,Pantheon. Eine Sammlung vorzüglicher Novellen und Erzählungen der Lieblingsdichter Europa's. Bd. 3,Sammlung,,m
00599-00,1830,N,Pantheon. Eine Eine Sammlung vorzüglicher Novellen und Erzählungen der Lieblingsdichter Europa's. Bd.22,Sammlung,,m
00600-00,1829,N,Pantheon. Eine Eine Sammlung vorzüglicher Novellen und Erzählungen der Lieblingsdichter Europa's. Bd.9,Sammlung,,m
00601-00,1830,N,Pantheon. Eine Eine Sammlung vorzüglicher Novellen und Erzählungen der Lieblingsdichter Europa's. Bd.11,Sammlung,,m
00602-00,1830,N,Pantheon. Eine Eine Sammlung vorzüglicher Novellen und Erzählungen der Lieblingsdichter Europa's. Bd.14,Sammlung,,m
00603-00,1830,N,Pantheon. Eine Eine Sammlung vorzüglicher Novellen und Erzählungen der Lieblingsdichter Europa's. Bd.17,Sammlung,,m
00604-00,1830,N,Pantheon. Eine Eine Sammlung vorzüglicher Novellen und Erzählungen der Lieblingsdichter Europa's. Bd.23,Sammlung,,m
00606-00,1830,0E,Pantheon. Eine Eine Sammlung vorzüglicher Novellen und Erzählungen der Lieblingsdichter Europa's. Bd. 20,Sammlung,,m
00607-00,1830,0E,Pantheon. Eine Eine Sammlung vorzüglicher Novellen und Erzählungen der Lieblingsdichter Europa's. Bd. 20,Sammlung,,m
00608-00,1829,E,Pantheon. Eine Eine Sammlung vorzüglicher Novellen und Erzählungen der Lieblingsdichter Europa's. Bd. 4,Sammlung,,m
00609-00,1830,E,Pantheon. Eine Eine Sammlung vorzüglicher Novellen und Erzählungen der Lieblingsdichter Europa's. Bd. 11,Sammlung,,m
00610-00,1829,E,Pantheon. Eine Eine Sammlung vorzüglicher Novellen und Erzählungen der Lieblingsdichter Europa's. Bd. 3,Sammlung,,
00205-00,1884,0E,Werke Bd. 4,Werke,,
00225-00,1916,0E,(Werke),Werke,,
00234-00,1860,0E,Erzählungen aus dem Ries,Werke,,
00267-00,1865,0E,Hermine Wild: Erzählungen aus der Frauenwelt. 2 Bände,Werke,,
00270-00,1937,0E,(unbekannt),Werke,,
00347-00,1808,M,Werke,Werke,,
00397-00,1872,N,Werke,Werke,,
00421-00,1856,N,Werke,Werke,,m
00423-00,1866,N,Werke,Werke,,
00428-00,1841,N,Werke,Werke,,m
00429-00,1853,N,Werke,Werke,,m
00430-00,1857,N,Werke,Werke,,f
00431-00,1869,N,Werke,Werke,,m
00432-00,1867,N,Werke,Werke,,
00433-00,1857,N,Werke,Werke,,m
00434-00,1864,N,Werke,Werke,,m
00436-00,1862,N,Werke,Werke,,m
00449-00,1836,N,Werke,Werke,,f
00450-00,1872,N,Werke,Werke,,f
00453-00,1852,N,Werke,Werke,,f
00457-00,1872,N,Werke,Werke,,f
00460-00,1868,N,Werke,Werke,,f
00463-00,1865,N,Werke,Werke,,f
00470-00,1828,N,Werke,Werke,,f
00478-00,1867,N,Werke,Werke,,f
00480-00,1859,N,Werke,Werke,,f
00483-00,1862,N,Werke,Werke,,f
00492-00,1861,N,Werke,Werke,,
00508-00,1852,N,Werke,Werke,,m
00523-00,1848,N,Werke,Werke,,
00525-00,1860,N,Werke,Werke,,
00526-00,1864,N,Werke,Werke,,
00529-00,1870,N,Werke,Werke,,f
00530-00,1865,N,Werke,Werke,,f
00532-00,1860,N,Deutscher Novellenschatz (Heyse),Werke,,f
00231-00,1905,0E,Der Simplicissimus,Zeitschrift,,f
00249-00,1798,0E,Thalia,Zeitschrift,,f
00250-00,1786,0E,(journal),Zeitschrift,,f
00111-00,1845,0E,"Die Gegenwart. Politisch-literarisches Tagblatt (Nr. 67, 68)",Zeitung,,f
00581-00,1795,0E,Unterhaltungen,Zyklus,,f
00582-00,1795,0E,Zyklus,Zyklus,,f
00583-00,1795,0E,Zyklus,Zyklus,,f
00584-00,1795,0E,Zyklus,Zyklus,,f
00585-00,1795,0E,Zyklus,Zyklus,,f
00586-00,1795,0E,Zyklus,Zyklus,,f
00587-00,1805,0E,Hexameron von Rosenhain,Zyklus,,f
00588-00,1805,0E,Hexameron von Rosenhain,Zyklus,,f
00589-00,1805,0E,Hexameron von Rosenhain,Zyklus,,f
00590-00,1805,0E,Hexameron von Rosenhain,Zyklus,,f
00591-00,1805,0E,Hexameron von Rosenhain,Zyklus,,f
00592-00,1795,M,Unterhaltungen,Zyklus,,f
00593-00,1805,M,Hexameron von Rosenhain,Zyklus,,f
00594-00,1805,N,Hexameron von Rosenhain,Zyklus,,f
00723-00,1819,E,"Die Serapionsbrüder, Bd.1",Zyklus,,f
00109-00,,,,,,f
00114-00,,,,,,f
00116-00,,,,,,f
00315-00,,,,,,f
00468-00,,,,,,f
00474-00,,,,,,f
00500-00,,,,,,f
00641-00,,,,,,f
00663-00,,,,,,f
00673-00,,,,,,f
00693-00,,,,,,f
00697-00,,,,,,f
